Kayo RD,1,62,Both,35601,FN,OP,DH
Regency Blvd SE,1300,1599,Both,35601,EW,OP,DH
24th Ave SE,1400,1599,Both,35601,EW,OP,DH
Blackhall Ln SE,1500,1599,Both,35601,EW,OP,DH
River Bend Pl SE,1500,1799,Both,35601,EW,OP,DH
Eastwood Dr SE,1600,1899,Both,35601,EW,OP,DH
Commodore Ct SE,1600,1699,Both,35601,EW,OP,DH
Eastmeade Ave SE,1600,2099,Both,35601,EW,OP,DH
Kenwood Ct SE,1600,1699,Both,35601,EW,OP,DH
Pennylane SE,1200,2499,Both,35601,EW,OP,DH
Devonshire Dr SE,1700,1899,Both,35601,EW,OP,DH
26th Ave SE,1700,1899,Both,35061,EW,OP,DH
Carriage Way SE,1700,1799,Both,35601,EW,OP,DH
Elliott St SE,1700,2499,Both,35601,EW,OP,DH
Crestview Dr SE,1800,2499,Both,35601,EW,OP,DH
Murphree Rd SE,1800,2099,Both,35601,EW,OP,DH
Palmetto Dr SE,2000,2099,Both,35601,EW,OP,DH
Harrison St SE,2090,2399,Both,35601,EW,OP,DH
11th St SE,2100,2299,Both,35601,EW,OP,DH
Eastbrook SE,2100,2399,Both,35601,EW,OP,DH
Park Place St SE,2100,2299,Both,35601,EW,OP,DH
Yorkshire SE,2100,2299,Both,35601,EW,OP,DH
Magnolia St SE,2150,2399,Both,35601,EW,OP,DH
Brookwood Dr SE,2200,2399,Both,35601,EW,OP,DH
Meadowbrook Rd SE,2200,2599,Both,35601,EW,OP,DH
Woodland St SE,2200,2499,Both,35601,EW,OP,DH
Point Mallard Cir SE,2200,2369,Both,35601,EW,OP,DH
13th St SE,2200,2699,Both,35601,EW,OP,DH
Birch St SE,2200,2299,Both,35601,EW,OP,DH
Century Ct SE,2200,2299,Both,35601,EW,OP,DH
College St SE,2200,2599,Both,35601,EW,OP,DH
Cougar Ln SE,2200,2299,Both,35601,EW,OP,DH
LaSabre Ln SE,2200,2299,Both,35601,EW,OP,DH
Mallard Ln SE,2200,2299,Both,35601,EW,OP,DH
Quince Dr SE,2100,2599,Both,35601,EW,OP,DH
River Bend Ct SE,2200,2299,Both,35601,EW,OP,DH
Fleetwood Dr SE,2200,2399,Both,35601,EW,OP,DH
Mountbrook Dr SE,2200,2399,Both,35601,EW,OP,DH
Acrilane SE,2300,2499,Both,35601,EW,OP,DH
Calumet Ave SE,2300,2399,Both,35601,EW,OP,DH
Century Blvd SE,2300,2899,Both,35601,EW,OP,DH
Dogwood Ln SE,2300,2499,Both,35601,EW,OP,DH
Greenwood Dr SE,2300,2799,Both,35601,EW,OP,DH
Rosemont St SE,2300,2399,Both,35601,EW,OP,DH
Point Mallard Dr SE,2369,3199,Both,35601,EW,OP,DH
11th St SE,2400,2499,Both,35601,EW,OP,DH
Brandywine Ct SE,2400,2499,Both,35601,EW,OP,DH
Lakeview Dr SE,2400,2599,Both,35601,EW,OP,DH
Murphree Rd SE,2400,2499,Both,35601,EW,OP,DH
Somerset SE CT,2400,2499,Both,35601,EW,OP,DH
8th St SE,2100,2599,Both,35601,EW,OP,DH
Dorchester Dr SE,2700,2899,Both,35601,EW,OP,DH
Avondale Ct SE,2700,2799,Both,35601,EW,OP,DH
Cambridge Ct SE,2700,2799,Both,35601,EW,OP,DH
Chippendale Ct SE,2700,2799,Both,35601,EW,OP,DH
Point Mallard Cir SE,2900,2905,Both,35601,EW,OP,DH
Access RD,900,1099,Both,35601,FN,OP,DH
Kroger Access RD,1100,1149,Both,35601,FN,OP,DH
K Mart Access RD,1100,1199,Both,35601,FN,OP,DH
J H Crow Dr SE,1300,1599,Both,35601,FN,OP,DH
Highway 31 S,2900,4499,Both,35601,FN,OP,DH
Jon Ford Dr SE,4100,4371,Both,35601,FN,OP,DH
Jon Ford Dr SE,4586,4599,Both,35601,FN,OP,DH
Harborview Ct NE,1,99,Both,35601,BC,OP,DH
Gordon Dr SE,1,1199,Both,35601,BC,OP,DH
Cain St NE,1,499,Both,35601,BC,OP,DH
Cherry St NE,1,699,Both,35601,BC,OP,DH
Cherry St NW,1,99,Both,35601,BC,OP,DH
Church St NE,1,1199,Both,35601,BC,OP,DH
Davis St NE,1,299,Both,35601,BC,OP,DH
Moulton St E,1,1199,Both,35601,BC,OP,DH
Gordon Dr SW,1,499,Both,35601,BC,OP,DH
Lafayette St NE,1,699,Both,35601,BC,OP,DH
Lafayette St NW,1,1099,Both,35601,BC,OP,DH
Lee St NE,1,599,Both,35601,BC,OP,DH
Market St NW,1,899,Both,35601,BC,OP,DH
6th Ave NE,101,1199,Both,35601,BC,OP,DH
2nd Ave NE,101,199,Both,35601,BC,OP,DH
10th Ave SE,100,699,Both,35601,BC,OP,DH
1st Ave NE,100,199,Both,35601,BC,OP,DH
1st Ave SE,100,499,Both,35601,BC,OP,DH
2nd Ave SE,100,899,Both,35601,BC,OP,DH
4th Ave NE,100,399,Both,35601,BC,OP,DH
4th Ave NW,100,499,Both,35601,BC,OP,DH
4th Ave SE,100,1499,Both,35601,BC,OP,DH
5th Ave NW,100,499,Both,35601,BC,OP,DH
6th Ave NW,100,425,Both,35601,BC,OP,DH
6th Ave SE,100,1499,Both,35601,BC,OP,DH
8th Ave NE,100,1099,Both,35601,BC,OP,DH
8th Ave SE,100,1499,Both,35601,BC,OP,DH
Church St NW,100,399,Both,35601,BC,OP,DH
Grant St SE,100,399,Both,35601,BC,OP,DH
Johnston St SE,100,1199,Both,35601,BC,OP,DH
Prospect Dr SE,100,1199,Both,35601,BC,OP,DH
Wilson St NW,100,899,Both,35601,BC,OP,DH
5th Ave SW,100,223,Both,35601,BC,OP,DH
Bank St NE,300,898,Even,35601,BC,OP,DH
Bank St NW,301,933,Odd,35601,BC,OP,DH
Finley Dr NW,1,599,Both,35601,BC,OP,DH
4th Ave SW,200,699,Both,35601,BC,OP,DH
3rd Ave SW,200,299,Both,35601,BC,OP,DH
2nd Ave SW,200,299,Both,35601,BC,OP,DH
5th Blvd SE,200,299,Both,35601,BC,OP,DH
6th St SE,200,399,Both,35601,BC,OP,DH
Canal St NE,200,1199,Both,35601,BC,OP,DH
Moulton St W,1,899,Both,35601,,OP,DH
Sims RD,46,57,Both,35601,0,0,0
Deer Springs RD,28,91,Both,35601,0,0,0
Old HWY 24,1,121,Both,35601,0,0,0
Sims RD,58,71,Both,35601,0,0,0
Kayo RD,63,81,Both,35601,0,0,0
Sims RD,72,125,Both,35603,0,0,0
Beltline Rd SW,100,298,Even,35601,0,OP,DH
Beltline Rd SW,101,299,Odd,35601,0,OP,DH
Austinville Rd SW,100,167,Both,35601,WD,CR,AH
Sims RD,126,149,Both,35601,0,0,0
Betty St SW,100,499,Odd,35601,WD,CR,AH
Moulton St W,1,699,Both,35601,,OP,
Sims RD,150,159,Both,35601,,CR,AH
Line St NE,200,1199,Both,35601,BC,OP,DH
Oak St NE,200,399,Both,35601,BC,OP,DH
Ferry St NE,200,1199,Both,35601,BC,OP,DH
Holly St NE,200,799,Both,35601,BC,OP,DH
4th St SE,200,799,Both,35601,BC,OP,DH
5th St SE,200,999,Both,35601,BC,OP,DH
Cherry St NW,300,699,Both,35601,BC,OP,DH
Grove St NW,300,1099,Both,35601,BC,OP,DH
Market St NE,300,1199,Both,35601,BC,OP,DH
McCartney St NW,300,1199,Both,35601,BC,OP,DH
Washington St NW,300,399,,35601,BC,OP,DH
Water St NE,300,399,Both,35601,BC,OP,DH
Railroad St NW,400,1099,Both,35601,BC,OP,DH
10th Ave Ct SE,1601,1699,Odd,35601,WJ,OP,DH
10th Ave NE,100,1098,Both,35601,BC,OP,DH
10th Ave NW,200,649,Both,35601,EW,CR,AH
10th Ave SE,1000,1499,Both,35601,SR,OP,DH
10th Ave SE,1500,1799,Both,35601,WJ,OP,DH
10th Ave SW,200,499,Both,35601,WD,CR,AH
10th St SE,400,999,Both,35601,BC,OP,DH
10th St SE,1900,2099,Both,35601,SR,OP,DH
10th St SW,100,199,Both,35601,BC,CR,AH
11th Ave Ct SE,1000,1099,Both,35601,SR,OP,DH
11th Ave NW,100,649,Both,35601,EW,CR,AH
11th Ave SE,1100,1499,Both,35601,SR,OP,DH
11th Ave SE,1500,1599,Both,35601,WJ,OP,DH
11th Ave SW,200,499,Both,35601,WD,CR,AH
11th St Ct SE,901,999,Odd,35601,WJ,OP,DH
11th St SE,400,2099,Both,35601,WJ,OP,DH
12th Ave NW,700,899,Both,35601,0,0,0
12th Ave NW,100,699,Both,35601,EW,CR,AH
12th Ave SW,200,1299,Both,35601,WD,CR,AH
12th Ave SW,1300,1325,Both,35601,WM,CR,AH
12th St SE,2100,2399,Both,35601,EW,OP,DH
12th St SE,400,2099,Both,35601,WJ,OP,DH
13th Ave NW,100,699,Both,35601,CG,CR,AH
13th Ave SE,700,1499,Both,35601,SR,OP,DH
13th Ave SE,1500,1599,Both,35601,WJ,OP,DH
13th Ave SW,200,299,Both,35601,WD,CR,AH
13th St SE,400,2099,Both,35601,WJ,OP,DH
8th St SE,400,999,Both,35601,BC,OP,DH
8th St SE,1000,2099,Both,35601,SR,OP,DH
14th Ave NW,401,599,Both,35601,CG,CR,AH
14th Ave SE,700,1499,Both,35601,SR,OP,DH
8th St SW,2358,2399,Both,35601,0,0,0
14th Ave SE,1500,1799,Both,35601,WJ,OP,DH
8th St SW,900,1299,Both,35601,WD,CR,AH
14th Ave SW,500,899,Even,35601,WM,CR,AH
8th St SW,1300,2011,Both,35601,WM,CR,AH
14th Ave SW,1000,1199,Even,35601,WM,CR,AH
8th St SW,2012,2177,Both,35601,WM,0,0
14th Ave SW,1500,1599,Both,35601,WM,CR,AH
8th St SW,100,499,Both,35601,BC,CR,AH
8th St SW,500,899,Both,35601,WD,CR,AH
9th Ave SE,700,1499,Both,35601,BC,OP,DH
9th St SE,400,999,Both,35601,BC,OP,DH
14th St Access SE,400,799,Both,35601,WJ,OP,DH
9th St SE,1000,2099,Both,35601,SR,OP,DH
14th St SE,200,399,Both,35601,WJ,0,0
A St NW,1500,1599,Both,35603,CG,CR,AH
14th St SE,400,799,Both,35601,WJ,OP,DH
Acadia Dr SW,2000,2299,Both,35603,JH,CR,AH
14th St SW,13,299,Both,35601,WJ,0,0
Access RD,900,1099,Both,35603,FN,OP,DH
14th St SW,1,12,Both,35601,WJ,CR,AH
Acrilane SE,2300,2499,Both,35601,EW,OP,DH
15th Ave NW,200,799,Both,35601,CG,CR,AH
Adams Dr NW,200,399,Both,35603,CG,CR,AH
15th Ave SE,1100,1499,Both,35601,SR,OP,DH
Addie Dr SW,100,199,Both,35603,FN,OP,DH
15th Ave SE,1500,1599,Both,35601,WJ,OP,DH
Airport RD,600,603,Both,35601,0,0,0
Airport RD,21000,22890,Both,35601,0,0,0
15th Ave SW,1400,1599,Both,35601,WM,CR,AH
15th Ave SW,1000,1099,Both,35601,WM,CR,AH
AL Hwy 20,23801,23819,Odd,35601,BC,OP,0
15th Pl NW,600,749,Both,35601,CG,CR,AH
16th Ave NW,200,399,Both,35601,CG,CR,AH
16th Ave SE,300,1499,Both,35601,SR,OP,DH
16th Ave SE,1500,2099,Both,35601,WJ,OP,DH
16th Ave SW,1100,1199,Both,35601,WM,CR,AH
16th Ave SW,1500,1599,Both,35601,WM,CR,AH
17th Ave SE,900,1099,Both,35601,SR,OP,DH
17th Ave SW,1500,1999,Both,35601,WM,CR,AH
18 1/2 Ave SE,800,899,Both,35601,SR,OP,DH
18th Ave SE,500,1199,Both,35601,SR,OP,DH
18th Ave SE,1500,2049,Both,35601,WJ,OP,DH
19th Ave SE,200,1499,Both,35601,SR,OP,DH
19th Ave SE,1500,1599,Both,35601,WJ,OP,DH
19th Ave SW,1200,1499,Both,35601,WM,CR,AH
1st Ave SW,1200,1699,Both,35601,BC,CR,AH
AL Hwy 20,21000,21198,Both,35601,BC,OP,DH
AL Hwy 20,21296,22998,Even,35601,BC,OP,DH
AL Hwy 20,23000,23008,Even,35601,BC,OP,DH
AL Hwy 20,23001,23035,Odd,35601,BC,OP,DH
AL Hwy 20,23010,23474,Even,35601,BC,OP,DH
AL Hwy 20,23037,23547,Odd,35601,BC,OP,DH
AL Hwy 20,23549,23591,Odd,35601,BC,OP,DH
AL Hwy 20,23476,23704,Even,35601,BC,OP,DH
1st Ave SW,200,299,Both,35601,BC,OP,DH
1st Ave SW,400,499,Both,35601,BC,OP,DH
1st St NW,350,699,Both,35601,0,OP,DH
1st St NW,1300,1599,Both,35601,CG,CR,AH
AL Hwy 20,23593,23731,Odd,35601,BC,OP,DH
1st St SW,300,499,Both,35601,BC,OP,DH
AL Hwy 20,23706,23722,Even,35601,BC,OP,DH
AL Hwy 20,23733,23799,Odd,35601,BC,OP,DH
1st St SW,500,699,Both,35601,WD,OP,DH
Albert St SW,100,499,Both,35601,BC,CR,AH
Albert St SW,500,599,Both,35601,WD,CR,AH
Alberta Dr SW,4500,4799,Both,35603,FN,OP,DH
Aldingham Ct SW,2200,2599,Both,35603,JH,CR,AH
Alex Pl SW,1,28,Both,35603,CG,CR,AH
Alexandria St SW,2400,2499,Both,35603,CG,CR,AH
Allen St SW,500,599,Both,35601,WD,CR,AH
Allerton Cir SW,2600,2699,Both,35603,JH,CR,AH
Alma St NW,600,899,Both,35601,BC,OP,DH
Almon Way SW,2200,2399,Both,35603,JH,CR,AH
Alpine St SE,1300,1499,Both,35601,WJ,OP,DH
Amberly Ln SW,2300,2399,Both,35603,JH,CR,AH
Anderson Dr SW,2100,2399,Both,35603,JH,CR,AH
Angus Pl SW,2800,2899,Both,35603,CG,CR,AH
Anna Dr SW,2000,2099,Both,35603,CG,CR,AH
Anthony Cir SE,3300,3399,Both,35601,WJ,OP,DH
1st St SW,701,1199,Both,35601,WD,CR,AH
20th Ave SE,1000,1499,Both,35601,SR,OP,DH
20th Ave SE,1500,2299,Both,35601,WJ,OP,DH
21st Ave SE,1000,1199,Both,35601,SR,OP,DH
21st Ave SE,1800,2099,Both,35601,WJ,OP,DH
22nd Ave NW,186,299,Both,35601,0,0,0
24th Ave SE,1200,1205,Both,35601,0,0,0
2nd AVE SW,1200,1699,Both,35601,BC,CR,AH
2nd ST NW,350,699,Both,35601,0,OP,DH
2nd ST SE,1,199,Both,35601,BC,OP,DH
2nd ST SW,201,599,Both,35601,0,OP,DH
2nd ST SW,601,699,Both,35601,WD,OP,DH
2nd ST SW,700,1399,Both,35601,0,CR,AH
2nd ST SW,1,199,Both,35601,BC,OP,DH
3rd AVE SW,400,499,Both,35601,BC,OP,DH
3rd AVE SW,600,699,Both,35601,BC,OP,DH
3rd AVE SW,1600,1699,Both,35601,BC,CR,AH
3rd AVE SE,700,999,Both,35601,BC,OP,DH
3rd ST NW,400,699,Both,35601,0,OP,DH
3rd ST SW,200,499,Both,35601,BC,OP,DH
3rd ST SW,500,599,Both,35601,WD,OP,DH
3rd ST SW,600,699,Both,35601,WD,0,0
3rd ST SW,700,899,Both,35601,WD,CR,AH
4th AVE SE,1500,1899,Both,35601,WJ,OP,DH
4th AVE SW,1600,1699,Both,35601,BC,CR,AH
4th AVE SW,1700,1899,Both,35601,WD,CR,AH
4th ST NW,500,699,Both,35601,0,OP,DH
4th ST SW,500,899,Both,35601,WD,CR,AH
5th AVE SE,700,1499,Both,35601,BC,OP,DH
5th AVE SE,1500,1799,Both,35601,WJ,OP,DH
5th AVE SW,100,699,Odd,35601,WD,OP,DH
5th AVE SW,100,699,Even,35601,BC,OP,DH
5th AVE SW,700,1699,Odd,35601,WD,CR,AH
5th AVE SW,700,1699,Even,35601,BC,CR,AH
5th AVE SW,1800,1899,Both,35601,WD,CR,AH
5th ST NW,900,1599,Both,35601,0,CR,AH
6th AVE SE,1500,2417,Both,35601,WJ,OP,DH
6th AVE SW,900,1499,Both,35601,WD,CR,AH
6th AVE SW,1600,1699,Both,35601,WD,CR,AH
6th AVE SW,100,299,Both,35601,WD,OP,DH
6th AVE SW,400,499,Both,35601,WD,OP,DH
6th AVE SW,600,699,Both,35601,WD,OP,DH
6th ST NW,1200,1499,Both,35601,CG,CR,AH
6th ST NW,900,1199,Both,35601,EW,CR,AH
6th ST SE,200,999,Both,35601,BC,OP,DH
7th AVE NW,100,599,Even,35601,BC,OP,DH
7th AVE SE,700,1499,Both,35601,BC,OP,DH
7th AVE SW,100,699,Even,35601,WD,OP,DH
7th AVE SW,100,699,Odd,35601,WD,CR,AH
7th AVE SW,1000,1899,Both,35601,WD,CR,AH
7th ST SE,400,949,Both,35601,BC,OP,DH
7th ST SE,950,2099,Both,35601,SR,OP,DH
8th AVE SW,200,299,Both,35601,WD,CR,AH
8th AVE SW,400,499,Both,35601,WD,CR,AH
8th AVE SW,600,699,Both,35601,WD,CR,AH
8th AVE SW,1000,1099,Both,35601,WD,CR,AH
8th AVE SW,1600,1899,Both,35601,WD,CR,AH
Jefferson AVE SW,2000,2399,Both,35603,JH,CR,AH
Jenny AVE SW,3000,3199,Both,35603,FN,OP,DH
Jessie DR SW,800,999,Both,35603,CG,CR,AH
Joe Davis DR SW,4600,4899,Both,35603,FN,OP,DH
Jones RD SE,2400,2405,Both,35603,0,OP,DH
Jones RD SE,2406,2420,Both,35603,0,0,0
Kathy LN CT SW,1800,1899,Both,35603,JH,CR,AH
Kathy LN SW,1550,1567,Both,35603,0,CR,AH
Kathy LN SW,1568,2499,Both,35603,JH,CR,AH
Kathy LN SW,1200,1549,Both,35603,WM,CR,AH
Katie DR SW,2000,2099,Both,35603,CG,CR,AH
Kelly AVE SW,2400,2499,Both,35603,AV,CR,AH
Kennilworth RD SW,894,899,Both,35603,FN,CR,AH
Kennilworth RD SW,701,893,Both,35603,FN,OP,DH
Kensington Way SW,2800,3399,Both,35603,CG,CR,AH
King Arthur CT SW,2701,2799,Both,35603,JH,CR,AH
King Arthur DR SW,2800,2899,Both,35603,JH,CR,AH
Kiowa TR SE,4400,4499,Both,35603,WJ,OP,DH
Knight ST SE,800,1199,Both,35603,WJ,OP,DH
Knox Cir SW,3100,3299,Both,35603,CG,CR,AH
Kooken AVE SW,2000,2399,Both,35601,AV,CR,AH
Lake AVE SE,2600,2899,Both,35603,WJ,OP,DH
Lake Cove DR SW,1500,1699,Both,35603,CG,CR,AH
Lake Crest DR SW,1300,1499,Both,35603,JH,CR,AH
Lake Haven DR SW,1700,1799,Both,35603,JH,CR,AH
Lake Knoll DR SW,2800,2899,Both,35603,JH,CR,AH
Lake Manor DR SW,1600,1799,Both,35603,JH,CR,AH
Lake Pointe CT SW,2900,2999,Both,35603,JH,CR,AH
Lake Pointe DR SW,1400,1799,Both,35603,JH,CR,AH
Lakeside DR SW,3800,3899,Both,35603,CG,CR,AH
Lamar ST SW,900,1199,Both,35601,AV,CR,AH
Lamon RD SW,3500,3799,Both,35603,CG,CR,AH
Lancaster AVE SW,2000,2099,Both,35603,JH,CR,AH
Lancelot DR SW,2000,2299,Both,35603,CG,CR,AH
Lanier ST SW,1800,1899,Both,35603,CG,CR,AH
Larkwood DR SW,200,399,Both,35601,WJ,OP,DH
Laurel ST SW,300,599,Both,35603,FN,0,HHS
Leafwood PL SW,1200,3299,Both,35603,CG,CR,AH
LeeAnn ST SW,1600,1699,Both,35601,WM,CR,AH
Legacy DR SW,2900,2999,Both,35603,JH,CR,AH
Leighsdale AV SW,2900,3099,Both,35603,CG,CR,AH
Lenox DR SW,2900,3099,Both,35603,CG,CR,AH
Lenwood Rd SE,1000,1199,Both,35603,FN,OP,DH
Lenwood Rd SW,100,299,Both,35603,FN,OP,DH
Leslie ST SW,500,699,Both,35603,FN,OP,DH
Lexington AVE SW,2700,2899,Both,35603,CG,CR,AH
Leybourne DR SW,2700,2799,Both,35603,JH,CR,AH
Lincoya CIR SE,2700,2799,Both,35601,WJ,OP,DH
Lindo AVE SW,2400,2599,Both,35601,AV,CR,AH
Linnet ST SW,200,399,Both,35603,FN,OP,DH
Little John ST SW,2600,2799,Both,35603,JH,CR,AH
Littrell AVE SW,956,999,Both,35601,0,0,0
Loblolly DR SE,4700,4799,Both,35603,WJ,OP,DH
Lockerby DR SW,2200,2399,Both,35603,JH,CR,AH
Locust ST SE,1200,2099,Both,356001,SR,OP,DH
Loggers PL SE,3300,3399,Both,35603,CG,CR,AH
Loggers Way SW,1000,1299,Both,35603,CG,CR,AH
London PL SW,1100,1199,Both,35603,JH,CR,AH
Longbow DR SW,600,899,Both,35603,FN,OP,DH
Longfellow CT SW,2800,2899,Both,35603,CG,CR,AH
Longfellow DR SW,2700,2899,Both,35603,CG,CR,AH
Longview DR SW,1600,2410,Both,35603,AV,CR,AH
Loring AVE SE,1700,1799,Both,35601,WJ,OP,DH
Lower River RD SE,2700,2821,Both,35601,0,OP,DH
Lower River RD SE,2936,3199,Both,35601,0,0,0
Lower River RD SE,2822,2875,Both,35601,WJ,OP,DH
Lower River RD SE,2876,2935,Both,35601,0,OP,DH
Lowery ST SW,2000,2009,Both,35601,0,0,0
Lucille DR SW,100,199,Both,35603,FN,OP,DH
Luker RD SW,4900,4999,Both,35603,0,0,0
Lynnwood CIR SW,2900,2999,Both,35603,CG,CR,AH
Madison ST NW,400,699,Both,35601,BC,0,HHS
Madison ST NW,800,1099,Both,35601,BC,OP,DH
Magnolia CT SE,1700,1799,Both,35601,WJ,OP,DH
Magnolia ST SE,800,2149,Both,35601,WJ,OP,DH
Main AVE SW,3000,3299,Both,35603,FN,OP,DH
Mallard Fox DR NW,3300,3799,Both,35601,BC,0,HHS
Manassas Run SW,3000,3299,Both,35603,CG,CR,AH
Manchester AVE SW,1800,1999,Both,35603,JH,CR,AH
Maner ST SW,2300,2399,Both,35601,AV,CR,AH
Maple LN SW,4400,4499,Both,35603,FN,OP,DH
Maple ST SW,300,499,Both,35603,SR,OP,DH
Margarete DR SW,4500,4799,Both,35603,FN,OP,DH
Marion ST SE,1500,1699,Both,35601,WM,CR,AH
Mark ST SW,200,399,Odd,35601,AV,OP,DH
Market ST NE,1200,2199,Both,35601,SR,OP,DH
Market ST SE,1501,2199,Both,35601,SR,OP,DH
Marr AVE SW,2800,2999,Both,35603,FN,OP,DH
Martha ST SW,600,799,Both,35601,WD,CR,AH
Martin ST SE,1800,1899,Both,35601,SR,OP,DH
Martinwood LN SW,2200,2399,Both,35603,JH,CR,AH
Mary Love DR SW,100,199,Both,35603,FN,0,HHS
Matthews LN SE,3100,3199,Both,35603,FN,OP,DH
McArthur AVE SE,2800,3099,Both,35603,FN,OP,DH
McDonald CT SW,2800,2999,Both,35603,CG,CR,AH
McDonald DR SW,2900,2999,Both,35603,CG,CR,AH
McGlathery LN SE,400,899,Both,35601,WJ,OP,DH
McNair ST SW,2300,2599,Both,35603,JH,CR,AH
McTavish AVE SW,2700,2899,Both,35603,CG,CR,AH
Medical DR SE,1200,1299,Both,35601,SR,OP,DH
Melbourne ST SW,3200,3299,Both,35603,CG,CR,AH
Memorial DR NW,100,699,Odd,35601,EW,CR,AH
Memorial DR NW,100,699,Even,35601,EW,OP,DH
Memorial DR SW,200,299,Both,35601,WD,0,0
Memorial DR SW,400,499,Odd,35601,WD,CR,AH
Memorial DR SW,600,715,Odd,35601,WD,CR,AH
Middleton ST SW,2000,2099,Both,35601,WM,CR,AH
Mill RD SW,100,299,Both,35603,FN,0,0
Milligan ST SW,1400,1999,Both,35603,AV,CR,AH
Milton PL SW,800,899,Both,35603,FN,OP,DH
Minor Hill RD,1,299,Both,35603,FN,OP,DH
Mitchell Pines TR,1400,1499,Both,35603,0,0,0
Mitchell RD,874,899,Both,35601,BC,OP,DH
Mitchell RD,3000,5000,Both,35601,BC,OP,DH
Mockingbird LN SW,300,366,Both,35601,WJ,OP,DH
Modaus RD SW,1000,1999,Even,35603,AV,CR,AH
Monaco AVE SW,2300,2399,Both,35603,JH,CR,AH
Monogram DR SE,1000,1199,Both,35601,0,0,0
Monroe DR NW,300,599,Both,35601,CG,CR,AH
Montclair RD SW,3600,3799,Both,35603,CG,CR,AH
Monterey DR SW,300,3099,Both,35603,CG,CR,AH
Montevallo RD SW,3700,3799,Both,35603,CG,CR,AH
Montgomery ST SW,1900,2009,Both,35601,WM,CR,AH
Monticello ST SW,2300,2399,Both,35603,CG,CR,AH
Montrose DR SW,2800,2899,Both,35603,CG,CR,AH
Moonlight Way,4650,5000,Both,35601,BC,OP,DH
Moore CIR SW,2800,2899,Both,35603,CG,CR,AH
Moores LN SW,1000,1099,Both,35601,BC,CR,AH
Morgan AVE SW,1000,2599,Both,35601,AV,CR,AH
Morningside CT SE,1300,1399,Both,35601,SR,OP,DH
Moulton Heights RD,2000,2199,Both,35601,0,0,0
Mountain Valley RD,3800,4116,Both,35603,0,0,0
Mountain Valley RD,4118,4199,Both,35603,0,OP,0
Mountainview DR SE,3000,3199,Both,35603,0,OP,0
Mountainview DR SE,3200,3299,Both,35603,0,0,0
Mountainview DR SE,3300,3399,Both,35603,0,OP,0
Mud Tavern RD,1900,2199,Both,35603,0,0,0
Mud Tavern RD,2317,2515,Both,35603,0,0,0
Mud Tavern RD,2616,2657,Both,35603,0,0,0
Mud Tavern RD,2200,2316,Both,35603,CG,0,0
Mulberry ST SE,4300,4399,Both,35601,FN,OP,DH
Murray DR SE,4400,4499,Both,35603,WJ,OP,DH
N Brownstone CT SW,1800,1899,Both,35603,JH,CR,AH
Napa Valley Way SW,3400,3599,Both,35603,CG,CR,AH
Naples DR SW,2200,2299,Both,35603,JH,CR,AH
Navajo DR SE,3100,3199,Both,35603,WJ,OP,DH
Neches CT SW,3700,3799,Both,35603,FN,OP,DH
Neher ST NW,1000,1099,Both,35601,BC,OP,DH
Nell ST SW,500,599,Both,35601,WD,CR,AH
Nelms RD,196,199,Both,35601,0,0,0
Nelson ST SE,2000,2199,Both,35601,WJ,OP,DH
Newcomb ST NW,600,1199,Both,35601,BC,OP,DH
Newman AVE SW,1200,1499,Both,35601,BC,CR,AH
Newman CIR SW,1500,1599,Both,35601,BC,CR,AH
Newport DR SW,2500,2599,Both,35603,CG,CR,AH
Noble AVE SW,1200,1399,Both,35601,WM,CR,AH
Nolia DR SW,2000,2099,Both,35603,CG,CR,AH
Norris Mill RD,4494,4613,Both,35603,0,0,0
Norris Mill RD,4618,4799,Both,35603,0,0,0
Norris Mill RD,4804,4869,Both,35603,0,0,0
Norris Mill RD,4872,4899,Both,35603,0,0,0
Norris Mill RD,4400,4493,Both,35603,FN,0,0
Norris Mill RD,4614,4617,Both,35603,FN,OP,DH
Norris Mill RD,4800,4803,Both,35603,FN,OP,DH
Norris Mill RD,4870,4871,Both,35603,FN,OP,DH
North ST SE,1200,1999,Both,35601,WJ,OP,DH
Northmeade ST SW,1300,1699,Both,35601,WM,CR,AH
Northpark DR NW,1400,1499,Both,35601,BC,OP,DH
Norwood DR SW,2400,2599,Both,35603,JH,CR,AH
Nottingham DR SW,1700,1799,Both,35603,JH,CR,AH
Oak Lea CIR SW,3100,3199,Both,35603,CG,CR,AH
Oak Lea RD SW,1301,1699,Both,35603,CG,CR,AH
Oak Park DR SE,1600,1699,Both,35601,SR,OP,DH
Oak ST NE,200,1099,Both,35601,BC,OP,DH
Oakridge DR SW,3400,3499,Both,35603,CG,CR,AH
Oakwood PL SW,1200,1299,Both,35603,CG,CR,AH
Old Creek TR SE,2400,2499,Both,35603,WJ,OP,DH
Old HWY 31 S,4100,4273,Both,35603,FN,0,0
Old HWY 31 S,4500,4507,Both,35603,FN,0,0
Old HWY 31 S,4274,4499,Both,35603,FN,OP,DH
Old HWY 31 S,4508,4523,Both,35603,FN,OP,DH
Old HWY 31 S,4524,4899,Both,35603,FN,0,0
Old Moulton RD,1400,1680,Both,35601,0,0,0
Old Moulton RD,1682,1699,Both,35601,0,CR,AH
Old Moulton RD,1700,2073,Both,35601,0,0,0
Old Moulton RD,2300,2795,Both,35603,0,0,0
Old Moulton RD,2796,3199,Both,35603,JH,0,0
Old River RD SE,2200,3299,Both,35603,0,0,0
Old Somerville RD SE,3100,3299,Both,35603,0,0,0
Old Vineyard RD SW,2700,2799,Both,35603,CG,CR,AH
Olive ST SE,1500,1899,Both,35601,SR,OP,DH
Omalley AVE SW,3500,2699,Both,35603,AV,CR,AH
Orange CT SW,3700,3799,Both,35603,FN,OP,DH
Ororke LN SW,1600,1999,Both,35603,AV,CR,AH
Overpass Loop,1800,1899,Both,35601,WJ,OP,DH
Oxford CIR SW,1800,1899,Both,35601,WM,CR,AH
Oxmoor LN SW,2400,2599,Both,35603,JH,CR,AH
Oxmore-Flint RD SW,1,399,Both,35603,FN,OP,DH
Palisade CT SW,1200,1299,Both,35603,JH,CR,AH
Palomino Dr SW,3900,3999,Both,35603,FN,OP,DH
Par PVT DR,1,245,Both,35603,0,0,0
Park ST SE,1200,1399,Both,35601,WJ,OP,DH
Park ST SE,1600,1699,Both,35601,WJ,OP,DH
Park ST SE,1800,2099,Both,35601,WJ,OP,DH
Park TER SE,2000,2099,Both,35601,0,OP,DH
Parkside CT SE,900,999,Both,35601,EW,OP,DH
Patterson ST SW,1700,1999,Both,35601,WM,CR,AH
Pavillion PL SW,1200,1299,Both,35603,JH,CR,AH
Peabody CIR SE,2800,2899,Both,35603,WJ,OP,DH
Phillips AVE SW,1400,1699,Both,35601,BC,CR,AH
Phillips CT SW,1500,1599,Both,35601,BC,CR,AH
Piccadilly Circus SW,2600,2699,Both,35603,JH,CR,AH
Pin Oak CIR SW,1800,1899,Both,35603,JH,CR,AH
Pine CIR,200,299,Both,35603,FN,OP,DH
Pinedale RD SW,3900,3949,Both,35603,FN,OP,DH
Pinehurst DR SW,3400,3599,Both,35603,FN,OP,DH
Pineridge CIR SE,4600,4799,Both,35603,WJ,OP,DH
Pineview DR SW,3100,3199,Both,35603,FN,OP,DH
Pineywood DR,4700,4799,Both,35603,FN,OP,DH
Pisgah RD,1232,1399,Both,35603,FN,0,0
Pisgah RD,1200,1231,Both,35603,FN,OP,DH
Plaza ST SE,1208,1499,Both,35601,WJ,OP,DH
Plum DR SW,500,699,Both,35603,FN,OP,DH
Pointe Mallard DR SE,2000,2199,Both,35601,0,0,0
Point Mallard DR SE,2200,2299,Both,35601,0,OP,DH
Point Mallard DR SE,2300,2324,Even,35601,0,0,0
Point Mallard DR SE,2301,2325,Odd,35601,0,OP,DH
Point Mallard DR SE,2326,2348,Even,35601,0,0,0
Point Mallard DR SE,2327,2349,Odd,35601,0,OP,DH
Point Mallard DR SE,2351,2367,Odd,35601,0,OP,DH
Point Mallard DR SE,2350,2374,Even,35601,0,0,0
Point Mallard DR SE,1600,1999,Both,35601,0,0,0
Point Mallard DR SE,2369,2375,Odd,35601,EW,OP,DH
Point Mallard DR SE,2376,3199,Both,35601,EW,OP,DH
Point Mallard PKWY,3300,3326,Even,35603,0,0,0
Point Mallard PKWY,3328,3344,Even,35603,0,0,0
Point Mallard PKWY,2900,3221,Both,35601,0,0,0
Point Mallard PKWY,2700,2899,Both,35603,WJ,OP,0
Point Mallard PKWY,1200,2699,Both,35603,WJ,OP,DH
Poole AVE SW,2600,2699,Both,35601,AV,CR,AH
Poole Valley RD SW,4000,4035,Both,35603,FN,0,0
Poole Valley RD SW,4100,4299,Both,35603,FN,0,0
Poovey RD SW,2500,2599,Both,35603,WJ,OP,DH
Poplar CT SE,100,199,Both,35601,SR,OP,DH
Presbyterian DR SW,1801,2199,Both,35603,JH,CR,AH
Prescott LN SW,3000,3199,Both,35603,CG,CR,AH
Price DR SW,800,899,Both,35601,WD,CR,AH
Pride LN SW,200,299,Both,35603,FN,OP,DH
Primrose DR SW,1600,1799,Both,35601,WM,CR,AH
Princeton AVE SW,2700,2899,Both,35603,CG,CR,AH
Process DR NW,3500,3699,Both,35601,BC,0,0
Process DR NW,3301,3499,Both,35601,BC,OP,DH
Providence DR SW,2831,2999,Both,35603,CG,CR,AH
Puckett AVE SW,400,1699,Both,35601,WM,CR,AH
Pumpkin DR SW,500,699,Both,35603,FN,OP,DH
Ragland ST SW,1900,1999,Both,35601,WM,CR,AH
Raleigh ST SW,2300,2399,Both,35603,CG,CR,AH
Ramona DR SW,3300,3499,Both,35603,CG,CR,AH
Randolph ST SW,2300,2399,Both,35603,JH,CR,AH
Ray AVE SW,2800,3299,Both,35603,FN,OP,DH
Raymond ST SW,100,199,Both,35601,BC,CR,AH
Recreation Center Access,2500,2599,Both,35603,JH,CR,AH
Red Bank RD,2264,2349,Both,35603,0,0,0
Red Bank RD,2500,2899,Both,35603,0,0,0
Red Bank RD,1400,1499,Both,35603,FN,0,0
Red Hat RD,1400,1423,Both,35601,BC,OP,DH
Red Hat RD,1200,1299,Both,35601,BC,OP,DH
Red Hat RD,1340,1899,Both,35601,BC,OP,DH
Red Sunset DR SW,1800,1999,Both,35603,JH,CR,AH
Refuge Headquarters RD,2600,2799,Both,35601,WJ,OP,DH
Remington CIR SW,2400,2499,Both,35601,AV,CR,AH
Resnick DR SW,1900,1999,Both,35603,JH,CR,AH
Revere AVE SW,2700,2899,Both,35603,CG,CR,AH
Rhodes ST SW,1700,1999,Both,35601,WM,CR,AH
Richmond ST SW,2300,2399,Both,35603,CG,CR,AH
Ridgeway DR SW,3000,3199,Both,35603,JH,CR,AH
Ridgewood CT SE,100,199,Both,35601,SR,OP,DH
Rigel CIR SW,907,999,Both,35603,CG,CR,AH
Rigel DR SW,902,905,Both,35603,CG,CR,AH
Rigel DR SW,900,901,Both,35603,FN,CR,AH
Rigel DR SW,700,899,Both,35603,FN,OP,DH
Riverview AVE SE,1200,1799,Both,35601,SR,OP,DH
Robin Hood CT SW,1700,1799,Both,35603,JH,CR,AH
Robin Hood Way SW,1700,1799,Both,35603,JH,CR,AH
Robin RD SE,300,399,Both,35601,WJ,OP,DH
Robinson ST SE,200,399,Both,35601,AV,OP,DH
Rockaway CIR SW,2600,2699,Both,35601,AV,CR,AH
Rockingham LN SW,2200,2399,Both,35603,JH,CR,AH
Rockwood DR SW,4635,4636,Both,35603,0,0,0
Rockwood DR SW,4716,4735,Both,35603,0,0,0
Rockwood DR SW,4600,4634,Both,35603,CG,0,0
Rockwood DR SW,4637,4715,Both,35603,CG,0,0
Roland DR,5000,5199,Both,35603,FN,0,0
Routon DR SW,900,1199,Both,35601,WM,CR,AH
Royal DR SE,900,1199,Both,35601,WJ,OP,DH
Ruby Pointe DR SE,4300,4399,Both,35601,WJ,OP,DH
Runnymead AVE SW,1200,1999,Both,35601,WM,CR,AH
Rural Grove RD,3500,4099,Both,35603,0,0,0
Russell ST SW,600,699,Both,35601,AV,CR,AH
Rutledge ST SW,2000,2099,Both,35601,WM,CR,AH
Ryan DR SW,3900,3999,Both,35603,FN,OP,DH
Rye DR SW,500,599,Both,35603,FN,OP,DH
S Brownstone CT SW,1900,1999,Both,35603,JH,CR,AH
S Chapel Hill RD SW,3400,4199,Both,35603,CG,CR,AH
S Woodtrail RD SW,3700,3799,Both,35603,CG,CR,AH
Sabine CT SW,3700,3799,Both,35603,FN,OP,DH
Saginaw LN SW,1600,1799,Both,35603,JH,CR,AH
San Souci Cave RD SW,3900,4099,Both,35603,CG,CR,AH
Sandlin RD SW,2000,2099,Both,35601,0,0,0
Sandlin RD SW,2100,2423,Both,35601,0,OP,DH
Sandlin RD SW,2702,2703,Both,35603,0,OP,DH
Sandlin RD SW,2424,2701,Both,35601,AV,OP,DH
Sandlin RD SW,2704,3399,Both,35603,FN,OP,DH
Sandra ST SW,1101,1799,Both,35601,WM,CR,AH
Sarah LN SW,2000,2103,Both,35603,JH,CR,AH
Saratoga SQ SW,3000,3099,Both,35603,CG,CR,AH
Savannah AV SW,2900,2999,Both,35603,CG,CR,AH
Schirra AV SW,1900,1999,Both,35603,JH,CR,AH
Scobee AV SW,1800,1999,Both,35603,JH,CR,AH
Selma ST SW,2301,2498,Both,35603,CG,CR,AH
Seton AV SE,1200,1399,Both,35601,SR,OP,DH
Seton AV SE,1500,1599,Both,35601,WJ,OP,DH
Setter AV SW,2700,2799,Both,35603,FN,OP,DH
Sandy RD,598,599,Both,35601,0,0,0
Sandy RD,20362,20497,Both,35601,0,0,0
Sandy RD,20770,21000,Both,35601,0,0,0
Sewell RD,1028,1047,Both,35601,BC,0,0
Sexton RD SE,3100,3395,Both,35603,FN,OP,DH
Shadow Pointe DR SW,300,349,Both,35601,WJ,OP,DH
Shady Grove LN SW,2198,2259,Both,35603,0,CR,AH
Shady Grove LN SW,2260,2321,Both,35603,0,0,0
Shady Grove LN SW,2322,2499,Both,35603,0,0,0
Shady Grove LN SW,2000,2197,Both,35603,JH,CR,AH
Shady Oaks CT SW,3500,3599,Both,35603,FN,OP,DH
Shawnee CIR SE,4400,4499,Both,35601,WJ,OP,DH
Shelburne AV SW,2300,2399,Both,35603,JH,CR,AH
Shepard DR SW,1900,1999,Both,35603,JH,CR,AH
Sheraton ST SE,1208,1499,Both,35601,WJ,OP,DH
Sherman ST SE,400,1199,Both,35601,BC,OP,DH
Sherman ST SE,1200,1899,Both,35601,SR,OP,DH
Sherwood DR SE,1700,1899,Both,35601,EW,OP,DH
Sherwood DR SE,2000,2099,Both,35601,EW,OP,DH
Sherwood DR SE,2500,2699,Both,35601,EW,OP,DH
Sherwood Oaks CT SW,2600,2699,Both,35603,JH,CR,AH
Sherwood Oaks DR SW,1600,1799,Both,35603,JH,CR,AH
Shiloh AV SW,3100,3199,Both,35603,CG,CR,AH
Sierra DR SW,3500,3599,Both,35603,FN,OP,DH
Silver Crest DR SW,2400,2599,Both,35603,JH,CR,AH
Simmons DR SW,1400,1599,Both,35601,WM,CR,AH
Sims RD,46,149,Both,35603,0,0,0
Sims RD,150,175,Both,35603,0,CR,AH
Sims RD,176,253,Both,35603,0,0,0
Sims ST SW,900,1299,Both,35603,CG,CR,AH
Sioux CIR SE,2000,2099,Both,35603,WJ,OP,DH
Skyview ST SW,1000,1399,Both,35601,AV,CR,AH
Small AV SW,2500,2599,Both,35601,AV,CR,AH
Smith AV SW,1200,1850,Both,35603,JH,CR,AH
Somerset CT SE,2400,2499,Both,35601,EW,OP,DH
Somerville RD NE,100,1199,Both,35601,SR,OP,DH
Somerville RD SE,100,999,Both,35601,0,OP,DH
Somerville RD SE,1000,1499,Both,35601,SR,OP,DH
Somerville RD SE,1500,1899,Both,35601,WJ,OP,DH
South Boundary Truck Tr,1100,1457,Both,35601,0,0,0
South Boundary Truck Tr,1458,1599,Both,35601,WJ,OP,DH
Southampton CT SE,1500,1599,Both,35601,EW,OP,DH
Southfield DR SE,1200,1499,Both,35603,FN,OP,DH
Sparrow RD SW,2100,2199,Both,35601,WJ,OP,DH
Spraggins ST SW,600,799,Both,35601,WD,CR,AH
Spring AV SW,1800,2673,Both,35601,0,CR,AH
Spring AV SW,2725,2899,Both,35603,0,0,0
Spring AV SW,2976,3099,Both,35603,0,0,0
Spring AV SW,3150,4303,Both,35603,0,0,0
Spring AV SW,2700,2723,Both,35603,FN,0,0
Spring AV SW,2674,2689,Both,35601,AV,CR,AH
Spring CT SW,900,999,Both,35603,CG,CR,AH
Springdale RD SE,2300,2399,Both,35601,EW,OP,DH
Springview ST SW,400,699,Both,35601,AV,CR,AH
St Andrews ST SW,2100,2299,Both,35603,CG,CR,AH
St James CT SE,1600,1699,Both,35601,EW,OP,DH
Stanley ST SE,2100,2199,Both,35601,WJ,OP,DH
State AV SW,2000,2399,Both,35601,AV,CR,AH
Steenson Pvt DR,800,899,Both,35601,FN,OP,DH
Stillwood DR SW,3400,3499,Both,35603,CG,CR,AH
Stone CT SE,2400,2499,Both,35601,WJ,OP,DH
Stone River DR SW,1800,1999,Both,35603,CG,CR,AH
Stone River PL SW,1600,1699,Both,35603,CG,CR,AH
Stoneway DR SW,3000,3099,Both,35603,CG,CR,AH
Stratford CT SE,2000,2099,Both,35601,WJ,OP,DH
Stratford PL SE,2100,2199,Both,35601,WJ,OP,DH
Stratford RD SE,2200,2699,Both,35601,EW,OP,DH
Stratford RD SE,1100,2199,Both,35601,WJ,OP,DH
Stratton DR SW,2600,2699,Both,35603,CG,CR,AH
Stuart AV SW,1200,1399,Both,35601,WM,CR,AH
Sumac RD SW,3000,3299,Both,35603,FN,OP,DH
Summerlane SE,1400,1899,Both,35601,EW,OP,DH
Summerwind DR SE,2600,2899,Both,35603,WJ,OP,DH
Summit DR SE,700,799,Both,35601,WJ,OP,DH
Sunnybrook DR SW,2300,2499,Both,35601,AV,OP,DH
Sunnybrook DR SW,2100,2299,Both,35601,WJ,OP,DH
Sunset DR NW,600,699,Both,35603,CG,CR,AH
Sunset DR NW,1300,1399,Both,35603,CG,CR,AH
Surrey LN SE,2400,2499,Both,35601,EW,OP,DH
Sweetbriar PL SW,1400,1499,Both,35603,CG,CR,AH
Sweetbriar RD SW,3100,3299,Both,35603,CG,CR,AH
Sycamore ST NW,700,1199,Both,35601,BC,OP,DH
Sydney PL SW,3000,3099,Both,35603,CG,CR,AH
Sykes ST NW,700,899,Both,35601,BC,OP,DH
Sylvia DR SE,2800,2899,Both,35601,WJ,OP,DH
Tammy ST SW,200,899,Both,35603,FN,OP,DH
Terrehaute AV SW,1100,1399,Both,35601,WM,CR,AH
Terrehaute AV SW,1000,1099,Both,35601,WM,CR,AH
Thomas DR SW,1000,1399,Both,35601,WD,CR,AH
Thomas DR SW,1400,1699,Both,35601,WM,CR,AH
Thoreau AV SW,2700,2799,Both,35603,CG,CR,AH
Thrush LN SW,2100,2199,Both,35601,WJ,OP,DH
Timber Way SW,3400,3499,Both,35603,CG,CR,AH
Timberlake CT SW,3700,3799,Both,35603,CG,CR,AH
Timberland CT SW,1200,1299,Both,35603,CG,CR,AH
Timberland DR SW,1200,1299,Both,35603,CG,CR,AH
Tintagel DR SW,2300,2399,Both,35603,JH,CR,AH
Todd CIR SW,2700,2799,Both,35603,JH,CR,AH
Tomahawk TR SE,4600,4899,Both,35603,WJ,OP,DH
Topaz CIR SE,4300,4399,Both,35603,WJ,OP,DH
Tower ST SE,1300,1899,Both,35601,SR,OP,DH
Towerview ST SW,900,1499,Both,35601,AV,CR,AH
Townshend TRACE SW,1700,1899,Both,35603,CG,CR,AH
Tracey LN SW,900,999,Both,35601,AV,CR,AH
Trails End SW,3200,3399,Both,35603,CG,CR,AH
Trenton DR SW,1100,1199,Both,35603,CG,CR,AH
Trenton PL SW,3200,3299,Both,35603,CG,CR,AH
Truman AV SE,2900,3099,Both,35601,FN,OP,DH
Tuscumbia DR SE,3800,3899,Both,35601,WJ,OP,DH
Twin Oaks CT SW,3500,3599,Both,35601,FN,OP,DH
Upper River RD,2800,3121,Both,35603,0,0,0
Upper River RD,3122,3153,Both,35603,0,OP,0
Upper River RD,3154,3399,Both,35603,0,0,0
Upper River RD,2700,2799,Both,35603,WJ,0,0
Valley AV SW,3400,3499,Both,35603,FN,OP,DH
Valley Forge RD SW,3300,3399,Both,35603,CG,CR,AH
Vanderbilt DR SW,3000,3049,Both,35603,CG,CR,AH
Vernon ST SW,700,799,Both,35601,WD,CR,AH
Vernon ST SW,1400,1499,Both,35601,WD,CR,AH
Vestavia CIR SW,3400,3499,Both,35603,CG,CR,AH
Vestavia DR SW,900,2199,Both,35603,CG,CR,AH
Vestavia DR SW,600,899,Both,35603,FN,OP,DH
Veterans DR SE,2492,2499,Both,35601,FN,OP,DH
Veterans DR SE,1900,2485,Both,35601,WJ,OP,DH
Vicksburg CIR SW,1400,1499,Both,35603,CG,CR,AH
Vicksburg DR SW,3110,3299,Both,35603,CG,CR,AH
Vicksburg PL SW,3100,3199,Both,35603,CG,CR,AH
Victoria CIR,112,234,Both,35603,0,0,0
Victoria DR SW,2100,2399,Both,35603,JH,CR,AH
Village Creek RD SE,3100,3199,Both,35603,WJ,OP,DH
Village CT SW,800,999,Both,35603,FN,OP,DH
Vinca ST SW,1700,1899,Both,35601,WM,CR,AH
Vine ST NE,1,599,Both,35601,BC,OP,DH
Vine ST NW,1,1099,Both,35601,BC,OP,DH
Visitor Center RD SW,2900,3199,Both,35601,WJ,OP,DH
W Brownstone CT SW,1800,1999,Both,35603,JH,CR,AH
W Chapel Hill RD SW,2710,3084,Both,35603,CG,CR,AH
Moulton St W,900,1865,Both,35601,,CR,AH
Moulton St W,700,1199,Both,35601,,0,
Wadsworth ST SE,1500,1899,Both,35601,SR,OP,DH
Walker RD SE,2500,2599,Both,35603,WJ,OP,DH
Walker RD SE,2800,2999,Both,35603,WJ,OP,DH
Wallace DR SE,4100,4299,Both,35603,FN,OP,DH
Walnut CT NW,500,599,Both,35601,BC,OP,DH
Walnut ST NE,1,699,Both,35601,BC,OP,DH
Walnut ST NW,1,899,Both,35601,BC,OP,DH
Way Thru The Woods SW,900,1199,Both,35603,CG,CR,AH
Wayne CIR SE,2700,2799,Both,35603,WJ,OP,DH
Wayne DR SE,2800,2899,Both,35603,WJ,OP,DH
Weatherly CIR SW,1900,1999,Both,35603,JH,CR,AH
Wellington CT SE,1600,1699,Both,35601,EW,OP,DH
Westbrook DR SW,600,699,Both,35603,FN,OP,DH
Westbury CT SW,2100,2399,Both,35603,JH,CR,AH
Westchester DR SW,2800,2899,Both,35603,FN,OP,DH
Well ST NE,400,1199,Both,35601,BC,OP,DH
Westmead DR SW,2100,2399,Both,35603,JH,CR,AH
Westmead ST SW,1100,2084,Both,35601,WM,CR,AH
Westmead ST SW,2086,2091,Both,35601,WM,CR,AH
Weston DR SW,2500,2599,Both,35603,CG,CR,AH
Westwood CIR SW,700,799,Both,35601,WD,CR,AH
Westwood DR SW,500,899,Both,35601,WD,CR,AH
Wheat AV SW,3200,3399,Both,35603,FN,OP,DH
Wheeler DR SW,600,699,Both,35603,FN,OP,DH
Whispering Pines TR SW,900,999,Both,35603,CG,CR,AH
White ST SE,1800,1899,Both,35601,SR,OP,DH
Whiteford DR SW,2900,2999,Both,35603,CG,CR,AH
Whitney LN SW,3900,3999,Both,35603,FN,OP,DH
Whitten LN SW,1,99,Both,35603,FN,OP,DH
Wildwood CIR SW,400,499,Both,35601,BC,CR,AH
Wildwood RD SW,800,999,Both,35601,BC,CR,AH
Williams LN SE,3600,3899,Both,35603,0,0,0
Williams ST SW,400,499,Both,35603,AV,CR,AH
Williamsburg CT SW,2300,2499,Both,35603,JH,CR,AH
Willow AV SW,2100,2399,Both,35601,AV,CR,AH
Willow Bend CT SE,4200,4299,Both,35603,WJ,OP,DH
Willow Bend RD SE,4200,5099,Both,35603,0,0,0
Willow View TR SE,2900,2999,Both,35603,WJ,OP,DH
Wilshire AV SW,1600,1799,Both,35603,JH,CR,AH
Wilson ST NE,1,999,Both,35601,BC,OP,DH
Wimberly DR SW,900,1299,Both,35603,CG,CR,AH
Wimberly DR SW,2800,2999,Both,35603,CG,CR,AH
Windover PL SW,1800,1899,Both,35603,AV,CR,AH
Windover PL SW,2400,2499,Both,35603,AV,CR,AH
Windsor CIR SW,1800,1899,Both,35601,WM,CR,AH
Windy Hill RD SE,4300,4599,Both,35603,WJ,OP,DH
Winfrey DR SW,2900,2999,Both,35603,CG,CR,AH
Winthrop DR SW,2300,2399,Both,35603,CG,CR,AH
Winthrop DR SW,2700,2899,Both,35603,CG,CR,AH
Wisteria PL SE,2800,2899,Both,35603,WJ,OP,DH
Wolverine DR SE,1500,1799,Both,35601,WJ,OP,DH
Wood Hollow TR SE,2900,2999,Both,35603,WJ,OP,DH
Woodall RD,1,71,Both,35601,0,0,0
Woodall RD SW,900,2000,Both,35603,JH,CR,AH
Woodland ST SE,1400,1799,Both,35601,WJ,OP,DH
Woodland ST SE,2000,2199,Both,35601,WJ,OP,DH
Woodmead ST SW,1600,1699,Both,35601,WM,CR,AH
Woodmont DR SE,1700,2199,Both,35601,WJ,OP,DH
Woodridge DR SW,300,399,Both,35601,AV,CR,AH
Woodruff RD SW,900,999,Both,35603,CG,CR,AH
Woodtrail SW,3600,3799,Both,35603,CG,CR,AH
York PL SW,1200,1299,Both,35603,JH,CR,AH
Yorktown CIR SW,1700,1799,Both,35603,CG,CR,AH
State Docks RD,518,759,Both,35601,0,0,0
State Docks RD,842,1299,Both,35601,0,0,0
Saddlehorn Bend SW,4000,4099,Both,35603,FN,OP,DH
Spring AV SW,2900,2974,Even,35603,0,0,0
Spring AV SW,3101,3149,Odd,35603,0,0,0
Spring AV SW,3100,3148,Even,35603,FN,CR,AH
Spring AV SW,2901,2975,Odd,35603,FN,CR,AH
Apache LN SE,1400,1599,Both,35601,WJ,OP,DH
Apolla LN SE,2200,2299,Both,35601,EW,OP,DH
Appaloosa LN SW,700,799,Both,35603,FN,OP,DH
Applewood CIR SE,2600,2799,Both,35603,WJ,OP,DH
Arapaho TR SE,2000,2399,Both,35603,WJ,OP,DH
Arbor AV SW,1200,1399,Both,35601,WM,CR,AH
Arlington CT SW,3100,3199,Both,35603,CG,CR,AH
Arlington ST SW,2300,2599,Both,35603,CG,CR,AH
Arms AV SE,2600,2899,Both,35603,WJ,OP,DH
Arrowhead DR SE,4500,4599,Both,35603,WJ,OP,DH
Ash CT NE,100,199,Both,35601,SR,OP,DH
Ashley DR SW,600,899,Both,35601,WD,CR,AH
Ashmore CT SE,2500,2599,Both,35603,WJ,OP,DH
Ashmore PL SE,2500,2599,Both,35603,WJ,OP,DH
Ashville DR SW,2700,2999,Both,35603,CG,CR,AH
Ashwood DR SE,1,233,Both,35603,WJ,OP,DH
Aspen Way SW,500,599,Both,35601,AV,CR,AH
Atkeson DR SE,1200,1299,Both,35601,FN,OP,DH
Auburn DR SW,2600,2699,Both,35603,JH,CR,AH
Augusta DR SW,3000,3199,Both,35603,CG,CR,AH
Austin ST SW,800,1299,Both,35601,AV,CR,AH
Austinville Flint RD SW,300,899,Both,35603,FN,OP,DH
Austinville RD SW,400,799,Both,35601,AV,CR,AH
Autumn Leaves TR SE,4300,4599,Both,35603,WJ,OP,DH
Autumn LN SW,300,399,Both,35601,WJ,OP,DH
Autumn Ridge DR SW,1800,1899,Both,35603,CG,CR,AH
Autumnwood DR SW,400,499,Both,35601,WD,CR,AH
Avalon AV SE,2600,2799,Both,35603,WJ,OP,DH
Azalea CIR SW,1900,1999,Both,35601,WM,CR,AH
Aztec DR SE,3000,3099,Both,35603,WJ,OP,DH
B Street NW,1500,1599,Both,35601,CG,CR,AH
Baldwin AV SE,1150,1199,Both,35603,FN,OP,DH
Baldwin AV SE,4200,4399,Both,35603,FN,OP,DH
Battlement RD SW,3000,3299,Both,35603,CG,CR,AH
Beard ST SW,100,499,Both,35601,BC,CR,AH
Bedford DR SW,900,1099,Both,35601,WM,CR,AH
Beech ST SE,1200,1899,Both,35601,SR,OP,DH
Bell AV SW,2000,2099,Both,35601,AV,CR,AH
Belle Tower RD,3470,5000,Both,35601,0,0,0
Bellemeade ST SW,400,699,Both,35601,AV,CR,AH
Beltline PL SE,900,1199,Both,35601,WJ,OP,DH
Beltline PL SW,101,399,Odd,35601,FN,OP,DH
Beltline RD SE,900,1060,Both,35601,0,OP,DH
Beltline RD SE,1062,1082,Even,35601,0,OP,DH
Beltline RD SE,1084,1199,Both,35601,0,OP,DH
Beltline RD SW,100,399,Both,35601,0,OP,DH
Beltline RD SW,400,999,Both,35601,0,0,0
Beltline RD SW,1800,2199,Both,35601,0,CR,AH
Beltline RD SW,2200,2299,Both,35601,0,0,0
Beltline RD SW,2305,2311,Odd,35601,0,CR,AH
Beltline RD SW,2313,2409,Odd,35601,0,0,0
Beltline RD SW,1000,1399,Both,35601,AV,0,0
Beltline RD SW,1400,1799,Both,35601,AV,CR,AH
Ben Poole RD SE,2300,2599,Both,35603,0,0,0
Bennich RD SE,4100,4399,Even,35603,WJ,OP,DH
Bentley DR SW,2500,2599,Both,35603,CG,CR,AH
Berkley ST SW,1500,1599,Both,35603,CG,CR,AH
Berwick PL SW,2100,2199,Both,35603,CG,CR,AH
Betty ST SW,100,499,Even,35601,BC,CR,AH
Betty ST SW,1100,1799,Both,35601,WM,CR,AH
Betty ST SW,500,1099,Both,35601,WD,CR,AH
Bibb Garrett RD,22890,22900,Both,35601,0,0,0
Bibb Garrett RD,22901,23457,Both,35601,0,0,0
Bibb Garrett RD,900,1499,Both,35601,BC,OP,DH
Birch ST SE,1600,2199,Both,35601,WJ,OP,DH
Bird Spring RD,200,540,Both,35601,0,0,0
Bird Spring RD,639,805,Both,35601,0,0,0
Bird Spring RD,1051,1435,Both,35601,0,0,0
Blackberry DR SW,300,499,Both,35603,FN,OP,DH
Blaine DR SW,500,699,Both,35603,FN,OP,DH
Blueberry CIR SW,100,199,Both,35601,BC,CR,AH
Blueberry LN SW,100,199,Both,35601,BC,CR,AH
Bluebird LN SW,1,299,Both,35601,WJ,OP,DH
Bobwhite DR SW,200,399,Both,35601,WJ,OP,DH
Brandywine LN SE,1200,1299,Both,35601,EW,OP,DH
Brayden DR SW,2000,2099,Both,35603,JH,CR,AH
Brazos CT SW,3700,3799,Both,35603,FN,OP,DH
Breckenridge DR SW,2900,2999,Both,35603,CG,CR,AH
Boxwood LN SW,3900,3999,Both,35603,FN,OP,DH
Bradley ST SW,400,899,Both,35601,AV,CR,AH
Brenda ST SW,300,499,Both,35603,FN,OP,DH
Briar AV SW,2600,2699,Both,35601,AH,CR,AH
Briarwood DR SW,400,599,Both,35601,AV,CR,AH
Bridle Path SW,800,999,Both,35603,FN,OP,DH
Brighton ST SW,2200,2299,Both,35603,JH,CR,AH
Brindwood LN SE,1300,1399,Both,35601,EW,OP,DH
Bristol DR SW,2700,2899,Both,35603,CG,CR,AH
Britney LN SW,4400,4499,Both,35603,CG,CR,AH
Britwood DR SW,800,999,Both,35601,WD,CR,AH
Broadus AV SE,1200,1299,Both,35601,SR,OP,DH
Brompton LN SW,2600,2699,Both,35603,JH,CR,AH
Bromwich ST SW,400,499,Both,35603,FN,OP,DH
Brookmanor DR SE,2000,2099,Both,35601,WJ,OP,DH
Brookmanor DR SE,2300,2399,Both,35601,WJ,OP,DH
Brookhaven ST SW,200,499,Both,35601,BC,CR,AH
Brookline AV SW,1200,1899,Both,35603,JH,CR,AH
Brookline CT SW,2400,2499,Both,35603,JH,CR,AH
Brookmeade RD SE,1600,2199,Both,35601,WJ,OP,DH
Brookridge DR SW,1600,1699,Both,35601,WD,CR,AH
Brooks ST SE,1000,1199,Both,35601,WJ,OP,DH
Brookshire LN SE,1000,1099,Both,35601,EW,OP,DH
Brookside DR SE,2300,2399,Both,35601,WJ,OP,DH
Browning DR SW,1600,1699,Both,35603,CG,CR,AH
Brownstone AV SW,1400,1499,Both,35603,JH,CR,AH
Brownstone AV SW,1800,1899,Both,35603,JH,CR,AH
Bruce ST SW,1200,1499,Both,35601,AV,CR,AH
Buckingham Gate SW,2600,2699,Both,35603,JH,CR,AH
Buena Vista Cir SE,1500,1799,Both,35601,WJ,OP,DH
Bunny LN SW,2700,3099,Both,35603,JH,CR,AH
Burningtree DR SE,2100,3199,Both,35603,WJ,OP,DH
Burningtree MTN CIR SE,4400,4499,Both,35603,WJ,OP,DH
Burningtree Mtn RD SE,2700,3299,Both,35603,WJ,OP,DH
Burningtree Valley DR SE,2700,2799,Both,35603,WJ,OP,DH
Busbey RD SW,700,899,Both,35603,FN,OP,DH
Byron Av SW,1200,1399,Both,35601,WM,CR,AH
Cabinet Pvt DR SW,4400,4499,Both,35601,FN,OP,DH
Cagle AV SW,1600,1899,Both,35601,WD,CR,AH
Cain ST NW,100,599,Both,35601,BC,OP,DH
Calray AV SW,2200,2399,Both,35601,AV,CR,AH
Camden CIR SW,1700,1799,Both,35603,CG,CR,AH
Camellia DR SW,1200,1399,Both,35601,WM,CR,AH
Camellia DR SW,1700,1799,Both,35601,WM,CR,AH
Cameron ST SW,2300,2499,Both,35603,JH,CR,AH
Canary Way,21000,21350,Both,35601,BC,OP,DH
Canterbury AV SW,600,899,Both,35601,WM,CR,AH
Canton Cir SW,1800,1899,Both,35603,CG,CR,AH
Cantwell AV SW,1200,1399,Both,35601,WM,CR,AH
Cardinal DR SW,300,399,Both,35601,WJ,OP,DH
Carleton DR SW,2100,2399,Both,35603,JH,CR,AH
Carol LN SE,1400,1499,Both,35601,WJ,OP,DH
Carolina CT SE,1500,1599,Both,35601,WJ,OP,DH
Carolyn ST SW,500,599,Both,35601,WD,CR,AH
Carpenter DR SW,1900,1999,Both,35603,JH,CR,AH
Carridale ST SW,1990,1999,Both,35601,0,CR,AH
Carridale ST SW,600,1496,Both,35601,0,CR,AH
Carridale ST SW,1497,1975,Both,35601,0,CR,AH
Carridale ST SW,300,599,Both,35601,0,CR,AH
Carrington DR SW,2700,3099,Both,35603,CG,CR,AH
Casey CT SW,4400,4499,Both,35603,CG,CR,AH
Cashin ST NW,700,899,Both,35601,BC,OP,DH
Castle Gate BLVD SW,2100,2599,Both,35603,JH,CR,AH
Castleman AV SW,1200,1399,Both,35601,WM,CR,AH
Cecil ST SW,100,199,Both,35601,BC,CR,AH
Cedar Cove SW,3300,3399,Both,35603,CG,CR,AH
Cedar Creek SW,2900,2999,Both,35603,CG,CR,AH
Cedar Lake PL SW,3000,3099,Both,35603,FN,OP,DH
Cedar Lake RD SE,1000,1193,Both,35603,FN,OP,DH
Cedar Lake RD SW,1,899,Both,35603,FN,OP,DH
Cedar Ridge DR SW,2500,2599,Both,35603,JH,CR,AH
Cedar Spring RD SE,4300,4399,Both,35601,WJ,OP,DH
Cedar ST SW,600,1799,Both,35601,AV,CR,AH
Cedarhurst CT SW,1400,1499,Both,35603,CG,CR,AH
Cedarhurst DR SW,3200,3499,Both,35603,CG,CR,AH
Cedarwood DR SW,1000,1399,Both,35603,CG,CR,AH
Cedarwood PL SW,1300,1399,Both,35603,CG,CR,AH
Central AV SW,2600,2605,Both,35603,AV,OP,DH
Central AV SW,2610,4399,Both,35603,FN,OP,DH
Central CIR SW,200,299,Both,35603,FN,OP,DH
Central Pkwy SW,700,1199,Both,35601,BC,CR,AH
Central Pkwy SW,2236,2583,Both,35601,AV,OP,DH
Central Pkwy SW,1200,1899,Both,35601,BC,CR,AH
Central Pkwy SW,1900,2235,Both,35601,WJ,OP,DH
Central Pkwy SW,2584,2599,Both,35601,AV,OP,DH
Central Pkwy SW,400,699,Both,35601,BC,OP,DH
Centron DR SW,2600,2699,Both,35603,AV,CR,AH
Chadsworth ST SW,2400,2499,Both,35603,CG,CR,AH
Chadwell ST SW,1400,1599,Both,35601,WM,CR,AH
Chandler CT SW,1800,1899,Both,35603,JH,CR,AH
Chapel Hill RD SW,2000,2709,Both,35603,CG,CR,AH
Chatam AV SW,2300,2399,Both,35603,JH,CR,AH
Chaucer CIR SW,2400,2499,Both,35601,AV,CR,AH
Chelsey AV SW,2300,2399,Both,35603,JH,CR,AH
Chenault DR SE,1500,1799,Both,35601,WJ,OP,DH
Cherokee LN SE,1500,1599,Both,35601,WJ,OP,DH
Cherokee PL SE,4500,4599,Both,35603,WJ,OP,DH
Cherry Blossom LN,4300,4399,Both,35603,FN,OP,DH
Chesapeake TR SW,1900,1999,Both,35603,CG,CR,AH
Chestnut Grove DR SW,1500,1599,Both,35603,CG,CR,AH
Chestnut Mtn RD SW,1700,1799,Both,35603,CG,CR,AH
Chestnut ST SE,1500,1899,Both,35601,SR,OP,DH
Cheyenne DR SE,3900,3999,Both,35601,WJ,OP,DH
Choctaw DR SE,3500,3999,Both,35603,WJ,OP,DH
Church ST NE,1200,1410,Both,35601,SR,OP,DH
Chula Vista DR SW,3600,4099,Both,35603,CG,CR,AH
Chula Vista Ridge DR SW,114,161,Both,35603,CG,CR,AH
Chula Vista Ridge DR SW,3500,3599,Both,35603,CG,CR,AH
Chunn AV SE,1200,1299,Both,35603,FN,CR,AH
Church ST SE,1411,1699,Both,35601,SR,OP,DH
Circle DR SE,2400,2599,Both,35603,WJ,OP,DH
Clairmont DR SW,1500,1599,Both,35603,CG,CR,AH
Clara AV SW,2000,2399,Both,35601,AV,CR,AH
Clarendon CT SE,1400,1499,Both,35601,EW,OP,DH
Clark ST SW,300,599,Both,35601,AV,CR,AH
Clarkview ST SW,1492,1499,Both,35601,AV,CR,AH
Clarkview ST SW,1000,1491,Both,35601,AV,CR,AH
Clayton AV SW,2000,2099,Both,35603,JH,CR,AH
Clearview PL SW,2300,2399,Both,35601,AV,CR,AH
Clearview ST SW,400,1399,Both,35601,AV,CR,AH
Cleo AV SE,1200,1399,Both,35601,EW,OP,DH
Cleveland AV SW,2000,2399,Both,35601,AV,CR,AH
Cloverdale AV SW,1200,1399,Both,35601,WM,CR,AH
Colfax ST SW,1700,1799,Both,35601,WD,CR,AH
College ST SE,1200,2099,Both,35601,WJ,OP,DH
Collier DR,3200,3299,Both,35603,0,0,0
Colony Way SW,1900,1999,Both,35603,CG,CR,AH
Colorado CT SW,3700,3799,Both,35603,FN,OP,DH
Columbia CIR SE,1400,1499,Both,35601,SR,OP,DH
Columns Way SW,2700,2799,Both,35603,JH,CR,AH
Commanche CIR SE,4600,4699,Both,35603,WJ,OP,DH
Commerce CIR SW,200,299,Both,35601,WJ,OP,DH
Commerce DR NW,2300,2399,Both,35601,BC,OP,DH
Commerce DR NW,1300,1399,Both,35601,BC,OP,DH
Compton DR SW,2600,2799,Both,35603,JH,CR,AH
Conan Gardens ST SW,300,499,Both,35603,FN,OP,DH
Concord LN SW,3000,3099,Both,35603,CG,CR,AH
Connor ST SE,1200,1299,Both,35603,FN,OP,DH
Constitution DR SW,3100,3199,Both,35603,CG,CR,AH
Coranada DR SW,600,699,Both,35603,FN,OP,DH
Cornell DR SW,2500,2599,Both,35603,CG,CR,AH
Cornville RD SW,3000,3199,Both,35603,FN,OP,DH
Corrine AV SW,1800,1899,Both,35601,WD,CR,AH
Corsbie ST SE,1000,1199,Both,35601,WJ,OP,DH
Cotaco Valley TR SE,2000,2099,Both,35603,WJ,OP,DH
Cotton PL SW,3000,3199,Both,35603,FN,OP,DH
Cottonwood DR SE,2200,2299,Both,35601,WJ,OP,DH
Count Mallard DR SE,1200,1399,Both,35601,EW,OP,DH
Country Club LN SE,1500,1599,Both,35601,WJ,OP,DH
Country Club RD SE,1900,2899,Both,35601,WJ,OP,DH
Courtney DR SW,300,310,Both,35603,FN,OP,DH
Courtney DR SW,400,499,Both,35603,FN,OP,DH
Courtyard CIR SW,1200,1299,Both,35603,JH,CR,AH
Courtyard Way SW,2300,2399,Both,35603,JH,CR,AH
Coventry DR SW,3000,3099,Both,35603,CG,CR,AH
Covina DR SW,400,499,Both,35603,FN,OP,DH
Creighton AV SE,1600,1899,Both,35601,WJ,OP,DH
Cress ST SW,2300,2399,Both,35603,AV,CR,AH
Crown CIR SE,2300,2499,Both,35603,WJ,OP,DH
Crown Pointe DR SE,4200,4299,Both,35601,WJ,OP,DH
Crusher RD SE,3000,3247,Both,35603,0,0,0
Crusher RD SE,3312,3699,Both,35603,0,0,
Cumberland AV SW,1800,1999,Both,35603,JH,CR,AH
Cumberland AV SW,2300,2499,Both,35603,JH,CR,AH
Cumberland CT SW,2300,2399,Both,35603,JH,CR,AH
Cumberland PL SW,2300,2399,Both,35603,JH,CR,AH
Curtis DR SE,1500,1599,Both,35601,WJ,OP,DH
Cypress ST SE,1400,1522,Both,35601,SR,OP,DH
Cypress ST SE,1800,1899,Both,35601,SR,OP,DH
Danbury LN SE,1000,1099,Both,35601,EW,OP,DH
Dandridge ST SW,1500,1699,Both,35601,WM,CR,AH
Daniel ST SW,100,199,Both,35601,BC,CR,AH
Danville Park DR SW,2000,2100,Both,35603,JH,CR,AH
Danville RD SW,700,1999,Both,35601,0,CR,AH
Danville RD SW,2000,2099,Both,35601,0,CR,AH
Danville RD SW,2100,2699,Both,35601,0,CR,AH
Danville RD SW,4700,4707,Both,35603,0,0,0
Danville RD SW,4638,4699,Both,35603,CG,0,0
Danville RD SW,2700,4637,Both,35603,CG,CR,AH
Darlington DR SW,3200,3299,Both,35603,CG,CR,AH
Darrowby LN SW,1200,1299,Both,35603,JH,CR,AH
Davis CT NW,400,499,Both,35601,BC,OP,DH
Davis ST NW,400,1099,Both,35601,BC,OP,DH
Day RD SW,4500,4599,Both,35603,0,0,0
Day RD SW,4300,4899,Both,35603,0,0,0
Decatur ST SE,4200,4299,Both,35603,FN,OP,DH
Deer Springs RD,28,91,Both,35603,0,0,0
Deer Springs RD,2,39,Both,35603,FN,0,0
Deer Springs RD,92,108,Both,35603,FN,0,0
Deere RD,3074,3355,Both,35603,0,0,0
Deere RD,3356,3409,Both,35603,0,OP,
Deere RD,3410,3599,Both,35603,0,0,0
Deerfoot Way SW,2800,3099,Both,35603,JH,CR,AH
Defco PL SE,2400,2499,Both,35601,WJ,OP,DH
Denise DR SW,500,699,Both,35603,FN,OP,DH
Denver PL SW,300,499,Both,35603,FN,OP,DH
Diamond Pointe DR SE,2300,2399,Both,35603,WJ,OP,DH
Dianne ST SW,1600,1799,Both,35601,WD,CR,AH
Dodd DR SW,1000,1299,Both,35601,WD,CR,AH
Dogwood DR SW,4300,4499,Both,35603,FN,OP,DH
Dogwood PL SW,500,599,Both,35603,FN,OP,DH
Donna AV SE,1200,1399,Both,35601,EW,OP,DH
Douthit ST SW,1400,2099,Both,35601,WM,CR,AH
Dover CIR SW,1800,1899,Both,35601,WM,CR,AH
Dresden DR SW,1900,1999,Both,35603,JH,CR,AH
Driftwood CT SE,100,199,Both,35601,SR,OP,DH
Dunbarton CT SW,2800,2899,Both,35603,CG,CR,AH
Duncansby DR SW,2000,2499,Both,35603,CG,CR,AH
Dundee DR SW,2100,2299,Both,35603,CG,CR,AH
Durham CT SW,2500,2599,Both,35603,CG,CR,AH
Dustin AV SW,3000,3299,Both,35603,FN,OP,DH
E Brownstone CT SW,1800,1999,Both,35603,JH,CR,AH
Moulton St E,1200,1499,Both,35601,SR,OP,DH
E Upper River RD,1,87,Both,35603,0,0,0
Edgewood ST SW,600,999,Both,35601,WD,CR,AH
Edgewood ST SW,1100,1799,Both,35601,WM,CR,AH
Edlingham Castle DR SW,2600,2699,Both,35603,JH,CR,AH
Eleanor DR SW,500,1199,Both,35601,WD,CR,AH
Eleanor DR SW,1200,1299,Both,35601,WM,CR,AH
Elizabeth AV SE,1150,1399,Both,35601,EW,OP,DH
Elm CT NE,100,299,Both,35601,SR,OP,DH
Emerald LN SE,4300,4399,Both,35603,WJ,OP,DH
Englewood PL SW,2000,2099,Both,35603,JH,CR,AH
Enolam BLVD SE,1600,2099,Both,35601,SR,OP,DH
Essex DR SW,2200,2299,Both,35603,JH,CR,AH
Evelee ST SW,1100,1299,Both,35601,WM,CR,AH
Everett DR SW,400,699,Both,35601,AV,CR,AH
Ewell ST SW,1700,1999,Both,35601,WD,CR,AH
Excalibur DR SW,1200,1299,Both,35603,JH,CR,AH
Fairground RD SW,2700,2999,Both,35603,CG,CR,AH
Fairmont AV SW,3300,3399,Both,35603,FN,OP,DH
Fairway CIR SE,2300,2499,Both,35601,WJ,OP,DH
Fairway DR SE,1200,1699,Both,35601,WJ,OP,DH
Fall Bluff DR SW,3700,4199,Both,35603,CG,CR,AH
Fall Bluff Pvt DR SW,4200,5099,Both,35603,CG,CR,AH
Family Security PL SW,2200,2299,Both,35603,JH,CR,AH
Farmington RD SW,3000,3299,Both,35603,FN,OP,DH
Faye ST SW,1500,1699,Both,35601,WM,CR,AH
Fieldstone CIR SW,1500,1599,Both,35603,CG,CR,AH
Fieldstone DR SW,3200,3299,Both,35603,CG,CR,AH
Fink ST NW,700,799,Both,35601,BC,OP,DH
Finley Island CIR,3000,3099,Both,35601,BC,OP,DH
Finley Island RD,501,1046,Both,35601,0,0,0
Fitzgerald DR SW,1800,1899,Both,35603,CG,CR,AH
Fletcher AV SW,1200,1399,Both,35601,WM,CR,AH
Flicker RD SW,2300,2399,Both,35601,AV,OP,DH
Flicker RD SW,2200,2299,Both,35601,WJ,OP,DH
Flint RD SE,1900,2099,Both,35601,WJ,OP,DH
Forest Glen DR SW,3300,3399,Both,35603,CG,CR,AH
Forest PL SW,1000,1099,Both,35603,CG,CR,AH
Forestview DR SW,1500,1599,Both,35603,CG,CR,AH
Foster AV SE,1700,1799,Both,35601,WJ,OP,DH
Fox Run RD SW,4900,5099,Both,35603,0,0,0
Foxwood DR SE,4300,4499,Both,35603,WJ,OP,DH
Franklin AV SW,2000,2099,Both,35603,JH,CR,AH
Freeman AV SW,1650,1699,Both,35601,BC,CR,AH
Fremont ST SW,500,1299,Both,35601,0,CR,AH
Friar Tuck CT SW,2700,2799,Both,35603,JH,CR,AH
Front AV SW,1200,1275,Both,35603,JH,CR,AH
Frost DR SW,2900,2999,Both,35603,CG,CR,AH
Galahad DR SW,2100,2599,Both,35603,CG,CR,AH
Garth AV SW,1200,1399,Both,35601,WM,CR,AH
Gaslight PL SW,2400,2499,Both,35603,JH,CR,AH
Gated Driveway,4700,4999,Both,35601,0,0,0
Geddis ST NW,500,799,Both,35601,BC,OP,DH
George Russell Pvt DR,3500,3599,Both,35603,0,0,0
Georgetown ST SW,1500,1599,Both,35603,CG,CR,AH
Germantown PL SW,3200,3299,Both,35603,CG,CR,AH
Gibb ST NE,1000,1099,Both,35601,BC,OP,DH
Gilling AV SW,3600,3699,Both,35603,FN,OP,DH
Glasgow PL SW,2800,2999,Both,35603,CG,CR,AH
Glenmere PL SW,3100,3199,Both,35603,FN,OP,DH
Glenn ST SW,1400,1999,Both,35603,AV,CR,AH
Gordon DR SW,500,599,Both,35601,0,OP,DH
Glenn View Pvt DR,910,1299,Both,35603,0,0,0
Glennwood RD SW,400,499,Both,35601,BC,CR,AH
Goldridge DR SW,1200,1599,Both,35603,JH,CR,AH
Gordon Terry Pkwy,2800,2804,Even,35601,0,0,0
Gordon Terry Pkwy,2806,2810,Even,35601,0,0,0
Gordon Terry Pkwy,2809,3068,Both,35601,0,0,0
Gordon Terry Pkwy,3001,3413,Odd,35601,0,0,0
Gordon Terry Pkwy,3244,3430,Even,35601,0,0,0
Gordon Terry Pkwy,3415,3439,Odd,35601,0,0,0
Gordon Terry Pkwy,3432,3456,Even,35601,0,0,0
Gordon Terry Pkwy,3458,3492,Even,35601,0,0,0
Gordon Terry Pkwy,3441,3599,Odd,35601,0,0,0
Gordon Terry Pkwy,3494,3598,Even,35601,0,0,0
Gordon Terry Pkwy,3600,3726,Even,35601,0,0,0
Gordon Terry Pkwy,3601,3735,Odd,35601,0,0,0
Gordon Terry Pkwy,3070,3242,Even,35601,0,0,0
Grant ST SE,100,1199,Both,35601,BC,OP,DH
Grant ST SE,1200,1899,Both,35601,SR,OP,DH
Graymont LN SW,1800,1899,Both,35603,AV,CR,AH
Greenbriar LN SE,2300,2399,Both,35601,WJ,OP,DH
Gresham DR SW,800,899,Both,35601,AV,CR,AH
Greystone DR SW,2500,2799,Both,35603,CG,CR,AH
Grissom AV SW,1800,1999,Both,35603,JH,CR,AH
Halifax PL SW,2400,2499,Both,35601,AV,CR,AH
Hamaker ST SW,1,199,Both,35603,FN,OP,DH
Hamilton DR SW,2300,2399,Both,35601,AV,CR,AH
Hampshire DR SW,2500,2599,Both,35603,CG,CR,AH
Hampton CIR SW,1800,1899,Both,35601,WM,CR,AH
Handicapped Pier Access,2800,2899,Both,35601,WJ,OP,DH
Hanging Moss CT SW,1200,1299,Both,35603,JH,CR,AH
Hanover PL SW,2500,2599,Both,35603,CG,CR,AH
Harborview DR NE,1000,1199,Both,35601,BC,OP,DH
Harpeth PL SW,2400,2499,Both,35601,AV,CR,AH
Harris Mtn RD SW,300,399,Both,35603,FN,CR,AH
Harris ST SW,400,499,Both,35601,BC,CR,AH
Harrison ST SE,1900,2089,Both,35601,SR,OP,DH
Hartung ST SW,500,899,Both,35601,WD,CR,AH
Hay DR SW,400,599,Both,35603,FN,OP,DH
Heatherwood PL SW,3300,3399,Both,35603,CG,CR,AH
Hemingway DR SW,1500,1599,Both,35603,CG,CR,AH
Hempstead AV SW,2800,2899,Both,35603,FN,OP,DH
Hermitage AV SW,1700,1899,Both,35603,JH,CR,AH
Hickory Hill RD SE,2600,3299,Both,35603,WJ,OP,DH
Hideaway PL SE,2400,2499,Both,35603,WJ,OP,DH
High Point DR SW,3800,3999,Both,35603,CG,CR,AH
High Stratford PL SE,1200,1299,Both,35601,WJ,OP,DH
Highland DR SW,3400,3499,Both,35603,CG,CR,AH
Hightower ST SE,1100,1199,Both,35601,FN,OP,DH
Highway 20,1258,1646,Both,35601,0,0,0
Highway 20,1201,1257,Both,35601,0,0,0
Highway 20,2500,2580,Even,35601,0,0,0
Highway 20,2501,2591,Odd,35601,0,0,0
Highway 20,2582,2590,Even,35601,0,0,0
Highway 20,2801,3003,Odd,35601,0,0,0
Highway 20,2800,3014,Even,35601,0,0,0
Highway 20,3005,3013,Odd,35601,0,0,0
Highway 20,3015,3021,Odd,35601,0,0,0
Highway 20,3016,3040,Even,35601,0,0,0
Highway 20,3023,3035,Odd,35601,0,0,0
Highway 20,3037,4577,Odd,35601,0,0,0
Highway 20,1648,1842,Even,35601,0,0,0
Highway 31 N,5033,5583,Odd,35601,BC,0,0
Highway 31 N,5585,5999,Odd,35601,BC,0,0
Highway 31 N,3700,5998,Both,35601,BC,OP,DH
Highway 31 NW,2913,2999,Odd,35601,0,0,0
Highway 31 NW,2974,2998,Even,35601,0,0,0
Highway 31 S,2419,2549,Odd,35603,0,OP,DH
Highway 31 S,2418,2899,Both,35603,0,OP,DH
Highway 31 S,4500,4999,Both,35603,0,0,0
Highway 31 S,5108,5514,Even,35603,0,0,0
Highway 31 S,5113,5599,Odd,35603,0,0,0
Highway 31 S,5600,5645,Both,35603,0,OP,DH
Highway 31 S,5646,5699,Both,35603,0,0,0
Highway 31 S,5000,5106,Even,35603,FN,0,0
Highway 31 S,5001,5111,Odd,35603,FN,0,0
Highway 31 S,5516,5598,Even,35603,FN,OP,DH
Hillside CIR SW,1000,1099,Both,35601,BC,CR,AH
Hillside RD SW,100,499,Both,35601,BC,CR,AH
Hillwood DR SW,900,1099,Both,35601,BC,CR,AH
Holland CT SW,600,699,Both,35601,WD,CR,AH
Holland DR SW,600,799,Both,35601,WD,CR,AH
Honeysuckle LN SW,900,1049,Both,35601,BC,CR,AH
Honeysuckle PVT DR,300,399,Both,35601,0,0,0
Hooper LN SE,3400,3599,Both,35603,FN,OP,DH
Hoover AV SW,1072,1099,Both,35601,0,0,0
Hoover AV SW,1062,1071,Both,35601,WM,CR,AH
Horseshoe Bend RD SE,4200,4299,Both,35603,WJ,OP,DH
Horsetree PL SE,2300,2399,Both,35601,WJ,OP,DH
Houstons Way SW,1900,1999,Both,35603,JH,CR,AH
Hunter LN,5770,5789,Both,35601,0,0,0
Hunter LN,5677,5677,Odd,35601,0,0,0
Hunter LN,5861,5861,Odd,35601,0,0,0
Hunter LN,5000,5499,Both,35601,0,OP,DH
Hunter LN,5500,5679,Both,35601,0,0,0
Hunter LN,5790,5860,Both,35601,0,0,0
Hunter LN,5862,5970,Both,35601,0,0,0
Hunterwood DR SE,2700,2999,Both,35603,WJ,OP,DH
Huntington LN SE,2400,2499,Both,35601,EW,OP,DH
Independence AV NW,1800,2099,Both,35601,BC,OP,DH
Indian Hills RD SE,3300,3559,Both,35603,0,0,0
Indian Hills RD SE,3700,3919,Both,35603,0,0,0
Indian Hills RD SE,3958,4229,Both,35603,0,0,0
Indian Hills RD SE,4230,4299,Both,35603,0,OP,0
Indian Hills RD SE,4300,4818,Both,35603,0,0,0
Indian Hills RD SE,4834,5299,Both,35603,0,0,0
Indian Hills RD SE,3920,3957,Both,35603,WJ,0,0
Inverness LN SW,2201,2299,Both,35603,CG,CR,AH
Iris ST SW,1700,1899,Both,35601,WM,CR,AH
Island Way NW,700,999,Both,35601,BC,OP,DH
Iverson BLVD,4204,4399,Both,35601,BC,OP,DH
Ivy Dale RD SE,4500,4599,Both,35603,WJ,OP,DH
Jackson ST SE,200,1199,Both,35601,BC,OP,DH
Jackson ST SE,1200,1799,Both,35601,SR,OP,DH
Jade Pointe DR SE,2300,2410,Both,35603,WJ,OP,DH
James ST SW,500,699,Both,35601,AV,CR,AH
Jameson PL SW,2100,2199,Both,35603,JH,CR,AH
Jarvis ST SW,2400,2799,Both,35603,JH,CR,AH
McAuliffe Drive SW,1,500,Both,35603,JH,CR,AH
Tanglewood Dr SW,3400,3499,Both,35603,FN,OP,DH
Jade Cir SE,2300,2409,Both,35601,WJ,OP,DH
Warwick Ave SW,2300,2399,Both,35603,JH,CR,AH
8th Ave NW,100,599,Both,35601,EW,OP,DH
Memorial DR SW,600,715,Even,35601,WD,OP,DH
Memorial DR SW,400,499,Even,35601,WD,OP,DH
Clearview ST SW,200,399,Both,35601,AV,OP,DH
Moulton St W,1200,1865,Even,35601,,0,
Moulton St W,1200,1865,Odd,35601,,CR,
Moulton St W,1,499,Both,3561,BC,0,
Moulton St W,500,799,Even,35601,BC,0,
Moulton St W,500,1799,Odd,35601,WD,0,
Moulton St W,800,1299,Even,35601,EW,0,
Moulton St W,1300,1799,Even,35601,CG,0,
Moulton St W,1800,1865,Both,35601,WD,0,
Mark St SW,200,399,Even,35601,WJ,OP,DH
Mill Rd SE,1200,1299,Both,35603,FN,OP,DH
19th Ave SW,1500,1899,Even,35601,WM,CR,AH
19th Ave SW,1500,1899,Odd,35601,WM,CR,AH
1st St NW,700,899,Both,35601,,OP,DH
1st St SW,1200,1399,Both,35601,WD,CR,AH
2nd St NW,700,899,Both,35601,0,OP,DH
2nd St NW,900,1299,Both,35601,0,CR,AH
3rd St NW,700,899,Both,35601,0,OP,DH
3rd St NW,900,1299,Both,35601,0,CR,AH
4th St NW,700,899,Both,35601,0,OP,DH
4th St NW,900,1499,Both,35601,0,CR,AH
5th St NW,1600,1799,Both,35601,0,0,0
7th Ave NW,100,599,Odd,35601,BC,OP,DH
Austinville Rd SW,168,399,Both,35601,0,0,0
Bruce St SW,1500,1599,Both,35601,AV,CR,AH
LeeAnn St SW,1700,1799,Even,35601,WM,CR,AH
LeeAnn St SW,1700,1799,Odd,35601,WM,CR,AH
LeeAnn St SW,1800,1999,Both,35601,WM,CR,AH
Modaus Rd SW,1000,1999,Odd,35603,CG,CR,AH
Modaus Rd SW,2000,3099,Even,35603,JH,CR,AH
Modaus Rd SW,2000,3099,Odd,35603,CG,CR,AH
Woodmead St SW,1700,2199,Both,35601,WM,CR,AH
14th Ave SW,500,899,Odd,35601,WM,CR,AH
14th Ave SW,1000,1199,Odd,35601,WM,CR,AH
Betty St SW,1800,2099,Both,35601,WM,CR,AH
Jade Point Dr SE,4301,4337,Both,35603,WJ,OP,DH